Date,Name,Year,Letterboxd URI
2022-05-20,Spider-Man: No Way Home,2021,https://boxd.it/nwRw
2022-05-20,Doctor Strange in the Multiverse of Madness,2022,https://boxd.it/gaTc
2022-05-20,The Northman,2022,https://boxd.it/nK2s
2022-05-20,The Batman,2022,https://boxd.it/eDGs
2022-05-20,Parasite,2019,https://boxd.it/hTha
2022-05-20,Joker,2019,https://boxd.it/h4cS
2022-05-20,Doctor Strange,2016,https://boxd.it/8MH8
2022-05-20,Midsommar,2019,https://boxd.it/jhxe
2022-05-20,Avengers: Infinity War,2018,https://boxd.it/9vEe
2022-05-20,Last Night in Soho,2021,https://boxd.it/lbJC
2022-05-20,The Ritual,2017,https://boxd.it/fo0I
2022-05-20,Us,2019,https://boxd.it/gnV6
2022-05-20,The Invitation,2015,https://boxd.it/9OUU
2022-05-20,Hush,2016,https://boxd.it/d5ys
2022-05-20,Split,2016,https://boxd.it/dgSy
2022-05-20,Spider-Man: Into the Spider-Verse,2018,https://boxd.it/azpY
2022-05-20,The Dark Knight,2008,https://boxd.it/2b0k
2022-05-20,The Lord of the Rings: The Return of the King,2003,https://boxd.it/2b5u
2022-05-20,The Lord of the Rings: The Fellowship of the Ring,2001,https://boxd.it/2b5O
2022-05-20,The Lord of the Rings: The Two Towers,2002,https://boxd.it/2b5E
2022-05-20,The Hobbit: An Unexpected Journey,2012,https://boxd.it/GZk
2022-05-20,The Hobbit: The Desolation of Smaug,2013,https://boxd.it/nmS
2022-05-20,The Hobbit: The Battle of the Five Armies,2014,https://boxd.it/43aU
2022-05-20,Harry Potter and the Deathly Hallows: Part 2,2011,https://boxd.it/1RYk
2022-05-20,Harry Potter and the Prisoner of Azkaban,2004,https://boxd.it/29Qy
2022-05-20,Harry Potter and the Philosopher's Stone,2001,https://boxd.it/29QS
2022-05-20,Harry Potter and the Chamber of Secrets,2002,https://boxd.it/29QI
2022-05-20,Harry Potter and the Goblet of Fire,2005,https://boxd.it/29Qo
2022-05-20,Harry Potter and the Order of the Phoenix,2007,https://boxd.it/29Qe
2022-05-20,Harry Potter and the Half-Blood Prince,2009,https://boxd.it/29FU
2022-05-20,Harry Potter and the Deathly Hallows: Part 1,2010,https://boxd.it/1RYu
2022-05-20,Fantastic Beasts: The Crimes of Grindelwald,2018,https://boxd.it/bg8G
2022-05-20,Fantastic Beasts and Where to Find Them,2016,https://boxd.it/7FPC
2022-05-20,Alice in Wonderland,2010,https://boxd.it/1Spq
2022-05-20,"The Chronicles of Narnia: The Lion, the Witch and the Wardrobe",2005,https://boxd.it/2ark
2022-05-20,The Chronicles of Narnia: Prince Caspian,2008,https://boxd.it/26Hy
2022-05-20,The Mitchells vs. the Machines,2021,https://boxd.it/i7xm
2022-08-17,8 Mile,2002,https://boxd.it/2bew
2022-11-15,Nope,2022,https://boxd.it/sDCe
2022-11-23,The Menu,2022,https://boxd.it/lScm
2022-12-21,Avatar: The Way of Water,2022,https://boxd.it/2E2E
2022-12-21,Guillermo del Toro's Pinocchio,2022,https://boxd.it/kjMW
2022-12-21,God's Crooked Lines,2022,https://boxd.it/xEUS
2022-12-21,Glass Onion,2022,https://boxd.it/oCkK
2022-12-24,The Guilty,2021,https://boxd.it/kOPW
2022-12-31,The House,2022,https://boxd.it/yVza
2023-03-06,Creed III,2023,https://boxd.it/pf68
2023-03-11,Bullet Train,2022,https://boxd.it/qW26
2023-04-08,The Super Mario Bros. Movie,2023,https://boxd.it/i8C8
2023-04-08,John Wick: Chapter 4,2023,https://boxd.it/mh48
2023-04-24,Suzume,2022,https://boxd.it/yv7Y
2023-06-16,Se7en,1995,https://boxd.it/29zs
2023-07-24,Keanu,2016,https://boxd.it/brha
2023-08-04,Secret Window,2004,https://boxd.it/28xq
2023-08-17,The Pope's Exorcist,2023,https://boxd.it/stZ8
2023-09-08,Spider-Man: Across the Spider-Verse,2023,https://boxd.it/kSz4
2023-10-27,Ford v Ferrari,2019,https://boxd.it/ce74
2023-10-27,Air,2023,https://boxd.it/Arlc
2023-10-27,BlacKkKlansman,2018,https://boxd.it/hxL8
2023-10-27,Taylor Swift: The Eras Tour,2023,https://boxd.it/HTIi
2023-11-21,The Walk,2015,https://boxd.it/8Rao
2023-12-03,A Haunting in Venice,2023,https://boxd.it/zGdg
2024-01-03,Wonka,2023,https://boxd.it/tCQm
2024-02-24,The Iron Claw,2023,https://boxd.it/w5Pm
2024-02-26,Indiana Jones and the Last Crusade,1989,https://boxd.it/2baO
2024-03-01,Dune: Part Two,2024,https://boxd.it/pUfA
2024-03-31,The Outfit,2022,https://boxd.it/u6Eq
2024-04-16,Ocean's Eleven,2001,https://boxd.it/2aZm
2024-04-27,Ocean's Twelve,2004,https://boxd.it/2aZ2
2024-04-27,The Hunger Games: The Ballad of Songbirds & Snakes,2023,https://boxd.it/pZCY
2024-04-27,The Hunger Games: Catching Fire,2013,https://boxd.it/3sAw
2024-04-29,Spaceman,2024,https://boxd.it/nC20
2024-05-09,The Fall Guy,2024,https://boxd.it/s0Bm
2024-05-09,Ricky Stanicky,2024,https://boxd.it/CFjo
2024-05-09,The Gentlemen,2019,https://boxd.it/iYBQ
2024-05-20,Ant-Man and the Wasp: Quantumania,2023,https://boxd.it/nL2y
2024-05-20,Uncut Gems,2019,https://boxd.it/gXGc
2024-05-20,Everything Everywhere All at Once,2022,https://boxd.it/jUk4
2024-05-20,Dream Scenario,2023,https://boxd.it/v2h0
2024-05-20,The Dark Knight Rises,2012,https://boxd.it/H3m
2024-05-20,Interstellar,2014,https://boxd.it/4VZ8
2024-05-27,Monty Python and the Holy Grail,1975,https://boxd.it/29GI
2024-05-27,Life of Brian,1979,https://boxd.it/2a4q
2024-05-29,Rush Hour,1998,https://boxd.it/27pU
2024-06-08,Furiosa: A Mad Max Saga,2024,https://boxd.it/tABk
2024-06-11,HAIKYU!! The Dumpster Battle,2024,https://boxd.it/Cgri
2024-06-11,Scary Movie 4,2006,https://boxd.it/24B4
2024-06-11,Scary Movie,2000,https://boxd.it/24CG
2024-06-29,The Secret Life of Walter Mitty,2013,https://boxd.it/3SWy
2024-07-23,Ferrari,2023,https://boxd.it/cEtq
2024-07-30,Police Story,1985,https://boxd.it/1Zhe
2024-08-16,Lucky Number Slevin,2006,https://boxd.it/2aVu
2024-09-26,Rebel Ridge,2024,https://boxd.it/nZum
2024-10-08,It's What's Inside,2024,https://boxd.it/DOV4
2024-10-10,47 Ronin,2013,https://boxd.it/Jk
2024-10-28,Conclave,2024,https://boxd.it/AO8q
2024-10-30,The King's Man,2021,https://boxd.it/h714
2024-10-30,Kingsman: The Secret Service,2014,https://boxd.it/6dxe
2024-10-30,Gladiator,2000,https://boxd.it/2b9m
2024-11-09,Coherence,2013,https://boxd.it/6xza
2024-11-21,Shōgun,2024,https://boxd.it/LciY
2024-11-29,Prisoners,2013,https://boxd.it/4E5i
2024-12-04,Dear Evan Hansen,2021,https://boxd.it/kOP8
2024-12-14,Carry-On,2024,https://boxd.it/C0B2
2024-12-26,The Lighthouse,2019,https://boxd.it/icFU
2024-12-28,A Complete Unknown,2024,https://boxd.it/oBYa
2024-12-29,The Last Kingdom: Seven Kings Must Die,2023,https://boxd.it/zO1C
2025-01-06,Nosferatu,2024,https://boxd.it/f5eG
2025-01-12,The Wizard of Oz,1939,https://boxd.it/29Xu
2025-01-12,Bolt,2008,https://boxd.it/1QXg
2025-01-12,Stuart Little,1999,https://boxd.it/1WZW
2025-01-12,Over the Hedge,2006,https://boxd.it/20QY
2025-01-12,The Croods,2013,https://boxd.it/FRE
2025-01-12,Horton Hears a Who!,2008,https://boxd.it/1SfA
2025-01-12,The Lego Movie,2014,https://boxd.it/4pDO
2025-01-12,The Mask,1994,https://boxd.it/29rS
2025-01-12,The SpongeBob SquarePants Movie,2004,https://boxd.it/1SYq
2025-01-12,Scooby-Doo,2002,https://boxd.it/1YaQ
2025-01-12,Scooby-Doo 2: Monsters Unleashed,2004,https://boxd.it/1UPA
2025-01-12,Fat Albert,2004,https://boxd.it/1MVA
2025-01-12,Looney Tunes: Back in Action,2003,https://boxd.it/1Vzo
2025-01-12,Anchorman: The Legend of Ron Burgundy,2004,https://boxd.it/1ZVo
2025-01-12,Johnny English Reborn,2011,https://boxd.it/kQq
2025-01-12,Cheaper by the Dozen 2,2005,https://boxd.it/1Yac
2025-01-12,Are We There Yet?,2005,https://boxd.it/1Tms
2025-01-12,Are We Done Yet?,2007,https://boxd.it/1WUi
2025-02-04,Late Night with the Devil,2023,https://boxd.it/zo6G
2025-02-11,Hundreds of Beavers,2022,https://boxd.it/CyUM
2025-02-15,Hot Fuzz,2007,https://boxd.it/2416
2025-02-17,See How They Run,2022,https://boxd.it/sNVq
2025-02-17,Rush Hour 2,2001,https://boxd.it/23ga
2025-02-23,The Nice Guys,2016,https://boxd.it/94Hg
2025-02-28,Don't Let Go,2019,https://boxd.it/jF2k
2025-03-02,The Harder They Fall,2021,https://boxd.it/mRCU
2025-03-04,The Giver,2014,https://boxd.it/6HWo
2025-03-07,Memento,2000,https://boxd.it/2bcK
2025-03-09,Public Enemies,2009,https://boxd.it/1U8m
2025-03-13,Courageous,2011,https://boxd.it/2oYW
2025-03-20,Mickey 17,2025,https://boxd.it/q1Dk
2025-03-22,Rope,1948,https://boxd.it/28yo
2025-03-22,Kung Fu Panda,2008,https://boxd.it/1Yws
2025-03-22,Kung Fu Panda 2,2011,https://boxd.it/G36
2025-03-22,The Sandlot,1993,https://boxd.it/1TDy
2025-03-22,Home Alone,1990,https://boxd.it/29Fg
2025-03-22,Home Alone 2: Lost in New York,1992,https://boxd.it/29F6
2025-03-22,Home Alone 3,1997,https://boxd.it/1XZ4
2025-03-22,Remember the Titans,2000,https://boxd.it/1VLk
2025-03-22,When the Game Stands Tall,2014,https://boxd.it/6QRs
2025-03-22,Radio,2003,https://boxd.it/1P8m
2025-03-22,We Are Marshall,2006,https://boxd.it/1UsQ
2025-03-22,The Goonies,1985,https://boxd.it/1YVC
2025-03-22,Who Framed Roger Rabbit,1988,https://boxd.it/29ry
2025-03-22,The Jungle Book,1967,https://boxd.it/1YY2
2025-03-22,Brother Bear,2003,https://boxd.it/1Xjs
2025-03-22,Robin Hood,1973,https://boxd.it/1SRa
2025-03-22,The Sword in the Stone,1963,https://boxd.it/1ZdG
2025-03-22,Tarzan,1999,https://boxd.it/18YO
2025-03-22,Lilo & Stitch,2002,https://boxd.it/1TAY
2025-03-22,Battle Royale,2000,https://boxd.it/25zS
2025-03-22,The Fugitive,1993,https://boxd.it/230G
2025-03-22,Elf,2003,https://boxd.it/1VyK
2025-03-22,Journey to the Center of the Earth,2008,https://boxd.it/38EI
2025-03-22,The Sorcerer's Apprentice,2010,https://boxd.it/1sGg
2025-03-25,The Parent Trap,1998,https://boxd.it/1XJq
2025-03-25,Hachi: A Dog's Tale,2009,https://boxd.it/1q4a
2025-03-25,Operation Mincemeat,2021,https://boxd.it/oAY4
2025-04-07,Ed Wood,1994,https://boxd.it/2adM
2025-04-09,Lassie,1994,https://boxd.it/1mmY
2025-04-11,Fantastic Beasts: The Secrets of Dumbledore,2022,https://boxd.it/bg8Q
2025-04-15,The Adjustment Bureau,2011,https://boxd.it/16T8
2025-04-21,Sinners,2025,https://boxd.it/KQMM
2025-04-22,The Transformers: The Movie,1986,https://boxd.it/280m
2025-04-22,Transformers: Rise of the Beasts,2023,https://boxd.it/oQTa
2025-04-27,Stand and Deliver,1988,https://boxd.it/1o5g
2025-04-27,Strangers on a Train,1951,https://boxd.it/29tk
2025-05-18,Heretic,2024,https://boxd.it/H1lY
2025-05-18,Ender's Game,2013,https://boxd.it/2N9Y
2025-05-22,The Killer,2023,https://boxd.it/u6WE
2025-05-24,October Sky,1999,https://boxd.it/1Q7u
2025-05-24,Novocaine,2025,https://boxd.it/JmdA
2025-05-25,There Will Be Blood,2007,https://boxd.it/20Z2
2025-05-26,"Love, Death & Robots: Bad Travelling",2022,https://boxd.it/BykM
2025-05-27,GoodFellas,1990,https://boxd.it/29FA
2025-05-27,The Irishman,2019,https://boxd.it/dYOq
2025-05-30,Hocus Pocus,1993,https://boxd.it/1Wgi
2025-05-30,Halloweentown,1998,https://boxd.it/1qPq
2025-05-30,Matilda,1996,https://boxd.it/1VhY
2025-05-30,Mean Girls,2004,https://boxd.it/1VNg
2025-05-30,Sky High,2005,https://boxd.it/1TNI
2025-05-30,Dumbo,1941,https://boxd.it/1U2o
2025-05-30,The Many Adventures of Winnie the Pooh,1977,https://boxd.it/7l0Y
2025-05-30,Teen Beach Movie,2013,https://boxd.it/5rKa
2025-05-30,John Carter,2012,https://boxd.it/FQ2
2025-05-30,Phineas and Ferb The Movie: Across the 2nd Dimension,2011,https://boxd.it/2ql8
2025-05-30,The Lion King 1½,2004,https://boxd.it/1TRg
2025-05-30,A Goofy Movie,1995,https://boxd.it/1Lwu
2025-05-30,Mulan,1998,https://boxd.it/1VFw
2025-05-30,A Bug's Life,1998,https://boxd.it/1Yyy
2025-05-30,The Aristocats,1970,https://boxd.it/1X3Y
2025-05-30,High School Musical,2006,https://boxd.it/1V0y
2025-05-30,Lemonade Mouth,2011,https://boxd.it/4bG
2025-05-30,National Treasure,2004,https://boxd.it/27x0
2025-05-30,Holes,2003,https://boxd.it/20mE
2025-05-30,The Black Cauldron,1985,https://boxd.it/1UYW
2025-05-30,Homeward Bound: The Incredible Journey,1993,https://boxd.it/21lM
2025-05-30,Super 8,2011,https://boxd.it/dVI
2025-05-31,Mission: Impossible – The Final Reckoning,2025,https://boxd.it/l7A2
2025-05-31,The Last Airbender,2010,https://boxd.it/1WQK
2025-05-31,Eraserhead,1977,https://boxd.it/299u
